antibody_id,vh_germline_match,vh_germline_identity,vl_germline_match,vl_germline_identity,vh_best_germline_global,vh_identity_global,vh_best_framework_lib,vh_identity_lib,vh_delta_identity,vh_out_of_library_flag,vl_best_germline_global,vl_identity_global,vl_best_framework_lib,vl_identity_lib,vl_delta_identity,vl_out_of_library_flag,vh_global_match,vh_global_identity,vh_library_match,vh_library_identity,vh_fr1_fr3,vl_global_match,vl_global_identity,vl_library_match,vl_library_identity,vl_fr1_fr3
Abiprubart,IGHV1-3*01,0.875,IGKV3-11*01,0.8734177215189873,IGHV1-3*01,0.875,IGHV1-46*01,0.825,0.050000000000000044,False,IGKV3-11*01,0.8734177215189873,IGKV3-11*01,0.8734177215189873,0.0,False,IGHV1-3*01,0.875,IGHV1-46*01,0.825,QVQLVQSGAEVKKPGASVKVSCKASMHWVRQAPGQRLEWIGYKYNQKFKDRATLTADKSANTAYMELSSLRSEDTAVYYC,IGKV3-11*01,0.8734177215189873,IGKV3-11*01,0.8734177215189873,EIVLTQSPATLSLSPGERATLSCSASMHWYQQKPGQAPRRWIYKLASGVPARFSGSGSGTDYTLTISSLEPEDFAVYYC
Abituzumab,IGHV1-46*01,0.8,IGKV1-12*01,0.9113924050632911,IGHV1-46*01,0.8,IGHV1-46*01,0.8,0.0,False,IGKV1-12*01,0.9113924050632911,IGKV1-39*01,0.9113924050632911,0.0,False,IGHV1-46*01,0.8,IGHV1-46*01,0.8,QVQLQQSGGELAKPGASVKVSCKASMHWVRQAPGQGLEWIGYEYNEIFRDKATMTTDTSTSTAYMELSSLRSEDTAVYYC,IGKV1-12*01,0.9113924050632911,IGKV1-39*01,0.9113924050632911,DIQMTQSPSSLSASVGDRVTITCRASLAWYQQKPGKAPKLLIYKIHSGVPSRFSGSGSGTDYTFTISSLQPEDIATYYC
Adebrelimab,IGHV1-46*01,0.9375,IGKV7-3*01,0.9367088607594937,IGHV1-46*01,0.9375,IGHV1-46*01,0.9375,0.0,False,IGKV7-3*01,0.9367088607594937,IGKV4-1*01,0.7721518987341772,0.16455696202531644,False,IGHV1-46*01,0.9375,IGHV1-46*01,0.9375,QVQLVQSGAEVKKPGASVKVSCKASMHWVRQAPGQGLEWMGRSYNEKFKNRVTMTRDTSTSTVYMELSSLRSEDTAVYYC,IGKV7-3*01,0.9367088607594937,IGKV4-1*01,0.7721518987341772,DIVLTQSPASLAVSPGQRATITCRASMHWYQQKPGQPPKLLIYNLESGVPARFSGSGSGTDFTLTINPVEAEDTANYYC
Alacizumab,IGHV3-7*01,0.975,IGKV1-39*01,0.8987341772151899,IGHV3-7*01,0.975,IGHV3-7*01,0.975,0.0,False,IGKV1-39*01,0.8987341772151899,IGKV1-39*01,0.8987341772151899,0.0,False,IGHV3-7*01,0.975,IGHV3-7*01,0.975,EVQLVESGGGLVQPGGSLRLSCAASMSWVRQAPGKGLEWVATYYVDSVKGRFTISRDNAKNTLYLQMNSLRAEDTAVYYC,IGKV1-39*01,0.8987341772151899,IGKV1-39*01,0.8987341772151899,DIQMTQSPSSLSASVGDRVTITCRASLNWLQQKPGKAIKRLIYSLDSGVPKRFSGSRSGSDYTLTISSLQPEDFATYYC
Alemtuzumab,IGHV4-59*04,0.85,IGKV1-33*01,0.9746835443037974,IGHV4-59*04,0.85,IGHV4-59*01,0.8375,0.012499999999999956,False,IGKV1-33*01,0.9746835443037974,IGKV1-33*01,0.9746835443037974,0.0,False,IGHV4-59*04,0.85,IGHV4-59*01,0.8375,QVQLQESGPGLVRPSQTLSLTCTVSMNWVRQPPGRGLEWIGFEYNPSVKGRVTMLVDTSKNQFSLRLSSVTAADTAVYYC,IGKV1-33*01,0.9746835443037974,IGKV1-33*01,0.9746835443037974,DIQMTQSPSSLSASVGDRVTITCKASLNWYQQKPGKAPKLLIYNLQTGVPSRFSGSGSGTDFTFTISSLQPEDIATYYC
Aletekitug,IGHV1-24*01,0.9125,IGKV1-12*01,0.9367088607594937,IGHV1-24*01,0.9125,IGHV1-46*01,0.85,0.0625,False,IGKV1-12*01,0.9367088607594937,IGKV1-39*01,0.9240506329113924,0.012658227848101222,False,IGHV1-24*01,0.9125,IGHV1-46*01,0.85,QVQLVQSGAEVKKPGASVKVSCKVSFHWVRQAPGKGLEWMGRKYAERFKDRVTMTEDTSTDTAYMELSSLRSEDTAVYYC,IGKV1-12*01,0.9367088607594937,IGKV1-39*01,0.9240506329113924,DIQMTQSPSSVSASVGDRVTITCLASLTWYQQKPGKAPKLLIYKLQDGVPSRFSGSGSGTDYTLTISSLQPEDFATYYC
Anrukinzumab,IGHV3-7*01,0.975,IGKV1-39*01,0.9367088607594937,IGHV3-7*01,0.975,IGHV3-7*01,0.975,0.0,False,IGKV1-39*01,0.9367088607594937,IGKV1-39*01,0.9367088607594937,0.0,False,IGHV3-7*01,0.975,IGHV3-7*01,0.975,EVQLVESGGGLVQPGGSLRLSCAASMSWVRQAPGKGLEWVASYYPDSVKGRFTISRDNAKNSLYLQMNSLRAEDTAVYYC,IGKV1-39*01,0.9367088607594937,IGKV1-39*01,0.9367088607594937,DIQMTQSPSSLSASVGDRVTITCKASMHWYQQKPGKAPKLLIYNLESGVPSRFSGSGSGTDFTLTISSLQPEDFATYYC
Aselizumab,IGHV3-7*01,0.9625,IGKV1-39*01,0.9367088607594937,IGHV3-7*01,0.9625,IGHV3-7*01,0.9625,0.0,False,IGKV1-39*01,0.9367088607594937,IGKV1-39*01,0.9367088607594937,0.0,False,IGHV3-7*01,0.9625,IGHV3-7*01,0.9625,EVQLVESGGGLVQPGGSLRLSCAASMSWVRQAPGKGLEWVASYYPDSVKGRFTISRDNAKNTLYLQMNSLRAEDTAVYYC,IGKV1-39*01,0.9367088607594937,IGKV1-39*01,0.9367088607594937,DIQMTQSPSSLSASVGDRVTITCKASMNWYQQKPGKAPKLLIYNLESGIPSRFSGSGSGTDFTLTISSLQPEDFATYYC
Atezolizumab,IGHV3-23*04,0.9125,IGKV1-12*01,0.9493670886075949,IGHV3-23*04,0.9125,IGHV3-23*01,0.9,0.012499999999999956,False,IGKV1-12*01,0.9493670886075949,IGKV1-39*01,0.9493670886075949,0.0,False,IGHV3-23*04,0.9125,IGHV3-23*01,0.9,EVQLVESGGGLVQPGGSLRLSCAASIHWVRQAPGKGLEWVAWYYADSVKGRFTISADTSKNTAYLQMNSLRAEDTAVYYC,IGKV1-12*01,0.9493670886075949,IGKV1-39*01,0.9493670886075949,DIQMTQSPSSLSASVGDRVTITCRASVAWYQQKPGKAPKLLIYFLYSGVPSRFSGSGSGTDFTLTISSLQPEDFATYYC
Avizakimab,IGHV1-46*01,0.9375,IGKV1-39*01,0.9367088607594937,IGHV1-46*01,0.9375,IGHV1-46*01,0.9375,0.0,False,IGKV1-39*01,0.9367088607594937,IGKV1-39*01,0.9367088607594937,0.0,False,IGHV1-46*01,0.9375,IGHV1-46*01,0.9375,QVQLVQSGAEVKKPGASVKVSCKASMHWVRQAPGQGLEWMGTIYSQNFKGRVTMTRDTSTSTVYMELSSLRSEDTAVYYC,IGKV1-39*01,0.9367088607594937,IGKV1-39*01,0.9367088607594937,DIQLTQSPSSLSASVGDRVTITCRASLNWYQQKPGKAVKLLIYRLHSGVPSRFSGSGSGTDYTLTISSLQPEDFATYYC
